Brass: Birmingham;2018;Build networks, grow industries, and navigate the world of the Industrial Revolution.;8.6;14+;2;4;3.89;60-120;94.81;Gavan Brown,Lina Cossette,David Forest,Damien Mammoliti,Matt Tolman;N/A;Economic,Industry / Manufacturing,Post-Napoleonic,Trains,Transportation;/boardgame/224517/brass-birmingham
Pandemic Legacy: Season 1;2015;Mutating diseases are spreading around the world - can your team save humanity?;8.5;13+;2;4;2.83;60;74.99;Chris Quilliams;N/A;Environmental,Medical;/boardgame/161936/pandemic-legacy-season-1
Twilight Imperium: Fourth Edition;2017;Build an intergalactic empire through trade, research, conquest and grand politics.;8.6;14+;3;6;4.31;240-480;84.90;Scott Schomburg;Dane Beltrami,Jason Walden;Civilization,Economic,Exploration,Negotiation,Political,Science Fiction,Space Exploration,Wargame;/boardgame/233078/twilight-imperium-fourth-edition
Dune: Imperium;2020;Influence, intrigue, and combat in the universe of Dune.;8.4;14+;1;4;3.03;60-120;98.14;Clay Brooks,Brett Nienburg,Raul Ramos,Nate Storm;Paul Dennen;Movies / TV / Radio theme,Novel-based,Political,Science Fiction;/boardgame/316554/dune-imperium
War of the Ring: Second Edition;2011;The Fellowship and the Free Peoples clash with Sauron over the fate of Middle-Earth.;8.5;13+;2;4;4.20;150-180;220.00;John Howe,Fabio Maiorana;N/A;Adventure,Fantasy,Fighting,Novel-based,Territory Building,Wargame;/boardgame/115746/war-ring-second-edition
Through the Ages: A New Story of Civilization;2015;Rewrite history as you build up your civilization in this epic card drafting game!;8.3;14+;2;4;4.43;120;53.41;Filip Murmak,Radim Pech,Jakub Politzer,Milan Vavroň;N/A;Card Game,Civilization,Economic;/boardgame/182028/through-ages-new-story-civilization
Twilight Struggle;2005;Relive the Cold War and rewrite history in an epic clash between the USA and USSR.;8.3;13+;2;2;3.60;120-180;54.95;Viktor Csete,Rodger B. MacGowan,Chechu Nieto,Guillaume Ries,Mark Simonitch;N/A;Modern Warfare,Political,Wargame;/boardgame/12333/twilight-struggle
Great Western Trail;2016;Use strategic outposts and navigate danger as you herd your cattle to Kansas City.;8.2;12+;2;4;3.71;75-150;38.00;Andreas Resch;Viktor Kobilke;American West,Animals,Economic;/boardgame/193738/great-western-trail
The Castles of Burgundy;2011;Plan, trade, and build your Burgundian estate to prosperity and prominence.;8.1;12+;2;4;2.99;30-90;45.00;Julien Delval,Harald Lieske;N/A;Dice,Medieval,Territory Building;/boardgame/84876/castles-burgundy
7 Wonders Duel;2015;Science? Military? What will you draft to win this head-to-head version of 7 Wonders?;8.1;10+;2;2;2.23;30;22.99;Miguel Coimbra;N/A;Ancient,Card Game,City Building,Civilization,Economic;/boardgame/173346/7-wonders-duel
Brass: Lancashire;2007;Test your economic mettle as you build and network in the Industrial Revolution.;8.2;14+;2;4;3.86;60-120;99.99;Gavan Brown,Lina Cossette,Peter Dennis,David Forest,Eckhard Freytag,Damien Mammoliti;N/A;Economic,Industry / Manufacturing,Post-Napoleonic,Transportation;/boardgame/28720/brass-lancashire
Eclipse: Second Dawn for the Galaxy;2020;Build an interstellar civilization by exploration, research, conquest, and diplomacy.;8.5;14+;2;6;3.65;60-200;169.99;Noah Adelman,Jere Kasanen,Jukka Rajaniemi,Sampo Sikiö;N/A;Civilization,Science Fiction,Space Exploration,Wargame;/boardgame/246900/eclipse-second-dawn-galaxy
Concordia;2013;Traders compete to build the greatest empire in the Roman Mediterranean.;8.1;13+;2;5;3.00;100;44.80;Marina Fahrenbach,Mac Gerdts,Dominik Mayer;N/A;Ancient,Economic,Nautical;/boardgame/124361/concordia
A Feast for Odin;2016;Puzzle together the life of a Viking village as you hunt, farm, craft, and explore.;8.2;12+;1;4;3.86;30-120;79.90;Dennis Lohausen;N/A;Economic,Farming,Industry / Manufacturing,Medieval,Puzzle;/boardgame/177736/feast-odin
Clank! Legacy: Acquisitions Incorporated;2019;"Go forth, be bold, and ACQUIRE!" in this campaign version of "Clank!";8.6;13+;2;4;2.72;90-120;33.51;Clay Brooks,Anika Burrell,Derek Herring,Raul Ramos,Nate Storm,Alain Viesca;N/A;Adventure,Fantasy,Miniatures;/boardgame/266507/clank-legacy-acquisitions-incorporated
Wingspan;2019;Attract a beautiful and diverse collection of birds to your wildlife preserve.;8.1;10+;1;5;2.46;40-70;64.73;Ana Maria Martinez Jaramillo,Natalia Rojas,Greg May,Beth Sobel;N/A;Animals,Card Game,Educational;/boardgame/266192/wingspan
Arkham Horror: The Card Game;2016;Investigate the horrors of Arkham while courting cosmic doom.;8.1;14+;1;2;3.53;60-120;74.19;Christopher Hosch,Marcin Jakubowski,Ignacio Bazán Lazcano,Henning Ludvigsen,Mercedes Opheim,Zoe Robinson,Evan Simonet;N/A;Adventure,Card Game,Collectible Components,Exploration,Horror,Novel-based;/boardgame/205637/arkham-horror-card-game
Lost Ruins of Arnak;2020;Explore an island to find resources and discover the lost ruins of Arnak.;8.1;12+;1;4;2.90;30-120;64.95;Ondřej Hrdina,Jiří Kůs,Filip Murmak,Jakub Politzer,František Sedláček,Milan Vavroň;Michal Štach,Michaela Štachová;Adventure,Ancient,Exploration,Travel;/boardgame/312484/lost-ruins-arnak
Root;2018;Decide the fate of the forest as woodland factions fight for contrasting goals.;8.1;10+;2;4;3.78;60-90;60.40;Kyle Ferrin;Joshua Yearsley;Animals,Fantasy,Territory Building,Wargame;/boardgame/237182/root
Orléans;2014;Craftsmen, scholars & monks can help you reign supreme—but who will turn up to help?;8.1;12+;2;4;3.03;90;250.00;Klemens Franz;N/A;Medieval,Religious,Travel;/boardgame/164928/orleans
Great Western Trail: Second Edition;2021;Wrangle your herd of cows across the Midwest prairie and deliver it to Kansas City.;8.4;12+;1;4;3.73;75-150;63.95;Chris Quilliams;N/A;American West,Animals,Economic;/boardgame/341169/great-western-trail-second-edition
Mage Knight Board Game;2011;Build your hero’s spells, abilities, and artifacts as you explore & conquer cities.;8.1;14+;1;4;4.35;60-240;142.34;J. Lonnee,Chris Raimo,Milan Vavroň;N/A;Adventure,Exploration,Fantasy,Fighting;/boardgame/96848/mage-knight-board-game
Viticulture Essential Edition;2015;Create the most prosperous winery in Italy from the Tuscan vineyard you've inherited.;8.0;13+;1;6;2.89;45-90;52.85;Jacqui Davis,David Montgomery,Beth Sobel;N/A;Economic,Farming;/boardgame/183394/viticulture-essential-edition
Barrage;2019;Nations vie for hydroelectric dominance in a dystopia where water is power.;8.2;14+;1;4;4.10;60-120;74.90;Mauro Alocci,Antonio De Luca,Roman Roland Kuteynikov;N/A;Economic,Environmental,Industry / Manufacturing;/boardgame/251247/barrage
The Crew: Mission Deep Sea;2021;Dive into the deep sea in this co-operative trick-taking game with variable missions.;8.2;10+;2;5;2.03;20;14.99;Marco Armbruster;N/A;Card Game,Nautical,Science Fiction;/boardgame/324856/crew-mission-deep-sea
Too Many Bones;2017;Toss gobs of unique dice in an epic adventure en route to a final boss showdown.;8.3;12+;1;4;3.85;60-120;126.16;Josh J. Carlson,Anthony LeTourneau;N/A;Adventure,Dice,Fantasy,Fighting;/boardgame/192135/too-many-bones
Food Chain Magnate;2015;Strategically hire and manage your workforce to outcompete rival fast food chains.;8.1;14+;2;5;4.21;120-240;158.00;Snow Conrad,Iris de Haan,Sarah Kelly,Victor Maristane,Matt Paquette & Co.,Ynze Moedt,Kwanchai Moriya;N/A;Economic,Industry / Manufacturing;/boardgame/175914/food-chain-magnate
Pax Pamir: Second Edition;2019;Swing the tides of "The Great Game" as countries vie for control of Afghanistan.;8.2;13+;1;5;3.84;45-120;87.88;Cole Wehrle;Drew Wehrle;Economic,Educational,Negotiation,Political,Post-Napoleonic,Spies/Secret Agents;/boardgame/256960/pax-pamir-second-edition
Marvel Champions: The Card Game;2019;Battle Marvel villains with unique teams of iconic heroes in this LCG.;8.1;14+;1;4;2.92;45-90;72.99;N/A;N/A;Card Game,Collectible Components,Comic Book / Strip,Fighting;/boardgame/285774/marvel-champions-card-game
Puerto Rico;2002;Ship goods, construct buildings, and choose roles that benefit you more than others.;7.9;12+;3;5;3.27;90-150;44.99;Harald Lieske,Franz Vohwinkel;N/A;City Building,Economic,Farming;/boardgame/3076/puerto-rico
Underwater Cities;2018;Develop future cities on the seafloor through politics, production, and science.;8.1;12+;1;4;3.61;80-150;85.00;Uildrim,Milan Vavroň;N/A;Card Game,City Building,Civilization,Industry / Manufacturing,Nautical,Science Fiction;/boardgame/247763/underwater-cities
Caverna: The Cave Farmers;2013;From a simple cave, expand your dwarven home through mining, agriculture, and more.;8.0;12+;1;7;3.78;30-210;93.22;Javier González Cava,Klemens Franz;N/A;Animals,Economic,Fantasy,Farming;/boardgame/102794/caverna-cave-farmers
Cascadia;2021;Create the most harmonious ecosystem as you puzzle together habitats and wildlife.;8.0;10+;1;4;1.84;30-45;31.99;Beth Sobel;Randy Flynn,David Iezzi,Molly Johnson,Robert Melvin,Kevin Russ,Shawn Stankewich;Animals,Environmental,Puzzle;/boardgame/295947/cascadia
Agricola;2007;Build your farmstead by sowing fields and raising livestock. But don't forget to eat!;7.9;12+;1;5;3.64;30-150;52.00;Klemens Franz;N/A;Animals,Economic,Farming;/boardgame/31260/agricola
On Mars;2020;Be a part of the first Martian colony, striving to be the best contributor.;8.2;14+;1;4;4.67;90-150;145.00;Ian O'Toole;N/A;City Building,Economic,Exploration,Science Fiction,Space Exploration,Territory Building;/boardgame/184267/mars
Crokinole;1876;Flick discs and make trick shots in this traditional Canadian dexterity game!;8.0;8+;2;4;1.23;30;79.99;Allison Litchfield,Orlando Ramirez;N/A;Action / Dexterity;/boardgame/521/crokinole
Pandemic Legacy: Season 0;2020;Work together during the Cold War to prevent a Soviet bio-threat.;8.4;14+;2;4;3.14;45-60;72.20;Dan Gerlach,Monica Helland,Atha Kanaani,Samuel R. Shimota;N/A;Spies/Secret Agents;/boardgame/314040/pandemic-legacy-season-0
Pandemic Legacy: Season 2;2017;The world is a mystery after a devastating pandemic—where will your team go?;8.0;14+;2;4;3.25;60;66.99;Atha Kanaani,Chris Quilliams;N/A;Environmental,Exploration,Medical,Science Fiction;/boardgame/221107/pandemic-legacy-season-2
Kanban EV;2020;EV-factory workers optimize and innovate to stand out at the big board meeting.;8.4;14+;1;4;4.32;60-180;99.99;Ian O'Toole;Paul Incao;Economic,Industry / Manufacturing;/boardgame/284378/kanban-ev
Sleeping Gods;2021;Voyages of the steamship "Manticore" and her crew on the Wandering Sea.;8.3;13+;1;4;3.23;60-1200;96.12;Ryan Laukat;N/A;Adventure,Exploration,Fantasy,Nautical;/boardgame/255984/sleeping-gods
Maracaibo;2019;Seafarers journey to obtain wealth and fame in the 17th century Caribbean.;8.1;12+;1;4;3.91;30-120;67.57;Fiore GmbH,Aline Kirrmann;N/A;Economic,Exploration,Pirates;/boardgame/276025/maracaibo
Lisboa;2017;Compete to reconstruct the city of Lisboa after the great earthquake of 1755.;8.2;12+;1;4;4.60;60-120;147.98;Ian O'Toole;Paul Incao,Julián Pombo;City Building,Economic,Industry / Manufacturing,Political;/boardgame/161533/lisboa
Tzolk'in: The Mayan Calendar;2012;Lead your people, build monuments and make offerings to earn the favour of the gods.;7.9;13+;2;4;3.67;90;49.95;Milan Vavroň;N/A;Ancient,Civilization,Economic,Farming,Mythology;/boardgame/126163/tzolk-mayan-calendar
Power Grid;2004;Bid, network, and manage resources in a race to supply the most cities with power.;7.8;12+;2;6;3.26;120;44.85;Domonkos Bence,Antonio Dessi,Lars-Arne "Maura" Kalusky,Prapach Lapamnuaysap,Harald Lieske;N/A;Economic,Industry / Manufacturing;/boardgame/2651/power-grid
The Quacks of Quedlinburg;2018;Pull ingredients from your stock to make your pot bubble, but hopefully not explode!;7.8;10+;2;4;1.95;45;24.99;Dennis Lohausen,Wolfgang Warsch;N/A;Medieval;/boardgame/244521/quacks-quedlinburg
Clans of Caledonia;2017;Lead your unique Scottish clan to economic might via production, trade, and export.;7.9;12+;1;4;3.46;30-120;165.00;Klemens Franz;N/A;Economic,Farming;/boardgame/216132/clans-caledonia
The Crew: The Quest for Planet Nine;2019;Go on a planet-discovering space mission in this cooperative trick-taking game.;7.8;10+;2;5;1.96;20;14.99;Marco Armbruster,Sensit Communication GmbH;N/A;Card Game,Science Fiction,Space Exploration;/boardgame/284083/crew-quest-planet-nine
Paladins of the West Kingdom;2019;Invaders are coming from everywhere. Keep the faith and defend your homeland.;8.0;12+;1;4;3.71;90-120;52.38;Mihajlo Dimitrievski;N/A;Medieval;/boardgame/266810/paladins-west-kingdom
Le Havre;2008;Establish a supply chain by collecting resources, building industries, and shipping.;7.9;12+;1;5;3.73;30-150;58.08;Klemens Franz;N/A;City Building,Economic,Industry / Manufacturing,Nautical;/boardgame/35677/le-havre
The Gallerist;2015;Amass a fortune, and stake your reputation by operating a lucrative art gallery.;8.0;13+;1;4;4.26;60-150;125.00;Ian O'Toole;Paul Incao;Economic;/boardgame/125153/gallerist
Mechs vs. Minions;2016;Cooperatively program and pilot your mechs to defeat an army of marauding minions.;8.0;14+;2;4;2.43;60-120;180.00;Danny Beck,Tysen Henderson;N/A;Fantasy,Fighting,Miniatures,Video Game Theme;/boardgame/209010/mechs-vs-minions
Grand Austria Hotel;2015;Serve guests and prepare rooms to be the best hotelier in the Viennese modern age.;7.9;12+;2;4;3.22;60-120;55.95;Klemens Franz;Stefan Stadler;Economic;/boardgame/182874/grand-austria-hotel
Kingdom Death: Monster;2015;Try to survive in a nightmarish world that lies under eternal darkness.;8.5;17+;1;4;4.27;60-180;295.00;Zeen Chin,Lokman Lam,Lorinda Tomko;N/A;Adventure,Fantasy,Horror,Mature / Adult,Miniatures,Mythology;/boardgame/55690/kingdom-death-monster
Azul;2017;Artfully embellish the walls of your palace by drafting the most beautiful tiles.;7.8;8+;2;4;1.76;30-45;45.81;;;;/boardgame/230802/azul
Race for the Galaxy;2007;Worlds await! Colonize, develop and conquer, taking advantage of others' choices.;7.7;12+;2;4;2.99;30-60;15.00;Martin Hoffmann,Claus Stephan;N/A;Card Game,Civilization,Economic,Science Fiction,Space Exploration;/boardgame/28143/race-galaxy
Agricola (Revised Edition);2016;Help your farm to prosper in this updated, streamlined edition of the acclaimed game.;8.0;12+;1;4;3.47;30-120;58.17;Klemens Franz;N/A;Animals,Economic,Farming;/boardgame/200680/agricola-revised-edition
Aeon's End;2016;Mages defend humanity’s last city, harnessing alien powers to destroy monstrosities.;7.9;14+;1;4;2.80;60;40.00;Gong Studios;Travis R. Chance,Jenny Iglesias,Nick Little (I);Card Game,Fantasy,Fighting,Science Fiction;/boardgame/191189/aeons-end
Eclipse: New Dawn for the Galaxy;2011;Build an interstellar civilization by exploration, research, conquest, and diplomacy.;7.8;14+;2;6;3.70;60-180;55.00;Ossi Hiekkala,Sampo Sikiö;N/A;Civilization,Fighting,Science Fiction,Space Exploration,Wargame;/boardgame/72125/eclipse
Five Tribes;2014;Move assassins, elders & builders through Naqala to claim oases & control djinns.;7.8;13+;2;4;2.85;40-80;51.99;Clément Masson;N/A;Arabian,Fantasy,Mythology;/boardgame/157354/five-tribes
Teotihuacan: City of Gods;2018;Use your worker dice to raise the legendary and breathtaking Pyramid of the Sun.;7.9;14+;1;4;3.78;90-120;69.95;Odysseas Stamoglou;Rainer Ahlfors,Błażej Kubacki,Andrei Novac,Dávid Turczi;Ancient;/boardgame/229853/teotihuacan-city-gods
Lords of Waterdeep;2012;Deploy agents and hire adventurers to expand your control over the city of Waterdeep.;7.7;12+;2;5;2.45;60-120;44.65;Eric Belisle,Steven Belledin,Zoltan Boros,Noah Bradley,Eric Deschamps,Wayne England,Tony Foti,Todd Harris,Ralph Horsley,Tyler Jacobson,Ron Lemen,Howard Lyon,Warren Mahy,Patrick McEvoy,Jim Nelson,William O'Connor,Adam Paquette,Lucio Parrillo,Dave Rapoza,Richard Sardinha,Mike Schley,Andrew Silver,Anne Stokes,Gábor Szikszai,Matias Tapia,Kevin Walker,Tyler Walpole,Eva Widermann,Eric Williams (I),Matt Wilson (I),Sam Wood,Ben Wootten,James Zhang;N/A;City Building,Fantasy;/boardgame/110327/lords-waterdeep
Beyond the Sun;2020;Collectively develop a tech tree to fuel new discoveries and colonize space.;8.0;14+;2;4;3.13;60-120;74.38;Franz Vohwinkel;Ken Hill;Science Fiction,Space Exploration;/boardgame/317985/beyond-sun
The Voyages of Marco Polo;2015;Using unique abilities, fulfill contracts and reach your goals along the Silk Road.;7.8;12+;2;4;3.19;40-100;59.00;Dennis Lohausen;N/A;Dice,Economic,Medieval,Travel;/boardgame/171623/voyages-marco-polo
Dominant Species;2010;With an ice age approaching, which animals will best propagate, migrate, and adapt?;7.8;14+;2;6;4.04;120-240;69.95;Bartek Jędrzejewski,Chad Jensen,Rodger B. MacGowan,Chechu Nieto,Eric Williams (I),Tomek Zarucki;N/A;Animals,Environmental,Prehistoric;/boardgame/62219/dominant-species
Tainted Grail: The Fall of Avalon;2019;Exploration, combat, and diplomacy in a dark Arthurian realm.;8.1;14+;1;4;3.34;60-120;485.00;Piotr Foksowicz,Piotr Gacek,Patryk Jędraszek,Ewa Labak,Michael Peitsch,Andrzej Półtoranos;Andrzej Betkiewicz,Michał Lach,Krzysztof Piskorski,Paweł Samborski,Marcin Świerkot,Jan Truchanowicz;Adventure,Exploration,Fantasy,Mature / Adult,Medieval,Miniatures,Mythology,Travel;/boardgame/264220/tainted-grail-fall-avalon
The Search for Planet X;2020;Plan, scan, and theorize to find a new planet at the edge of our solar system.;8.0;13+;1;4;2.36;60-75;47.50;James Masino,Michael Pedro;Randy Hoyt,John Shulters;Deduction,Puzzle;/boardgame/279537/search-planet-x
The 7th Continent;2017;Journey through a vibrant but deadly land to uncover the key to lifting your curse.;7.9;14+;1;4;2.90;5-1000;179.90;Ludovic Roudy;N/A;Adventure,Card Game,Exploration,Science Fiction;/boardgame/180263/7th-continent
Architects of the West Kingdom;2018;Will you be a virtuous or nefarious servant of the king? Build your way to glory.;7.8;12+;1;5;2.75;60-80;65.18;Mihajlo Dimitrievski;N/A;City Building,Medieval;/boardgame/236457/architects-west-kingdom
El Grande;1995;Use your caballeros to control regions of medieval Spain, keeping clear of the King!;7.7;12+;2;5;3.04;60-120;220.00;Doris Matthäus;N/A;Medieval,Renaissance;/boardgame/93/el-grande
Battlestar Galactica: The Board Game;2008;How can the human race survive when you don't know who is actually human?;7.7;14+;3;6;3.25;120-180;165.00;Kevin Childress,Brian Schomburg,WiL Springer;N/A;Bluffing,Deduction,Movies / TV / Radio theme,Political,Science Fiction,Space Exploration,Spies/Secret Agents;/boardgame/37111/battlestar-galactica-board-game
Keyflower;2012;Compete in a unique auction system to build the most prosperous village.;7.7;12+;2;6;3.34;90-120;39.99;Juliet Breese,Jo Breese,Gemma Tegelaers;N/A;City Building,Economic,Renaissance,Territory Building,Transportation;/boardgame/122515/keyflower
Decrypto;2018;Decipher your opponents' code before they decipher yours. Don't get caught.;7.8;12+;3;8;1.81;15-45;65.00;Fabien Fulchiron,NILS,Manuel Sanchez;N/A;Deduction,Party Game,Spies/Secret Agents,Word Game;/boardgame/225694/decrypto
Inis;2016;Claim the crown through merit and wisdom in this Celtic island struggle.;7.8;14+;2;4;2.89;60-90;57.00;Dimitri Bielak,Jim FitzPatrick;N/A;Card Game,Exploration,Medieval,Mythology,Wargame;/boardgame/155821/inis
Raiders of the North Sea;2015;Gather your Viking crew in order to plunder seas and lands for glory!;7.7;12+;2;4;2.55;60-80;40.00;Mihajlo Dimitrievski;N/A;Medieval,Nautical;/boardgame/170042/raiders-north-sea
Mombasa;2015;Acquire shares of unique companies and propagate their trading posts to rake in cash.;7.9;12+;2;4;3.90;75-150;125.00;Klemens Franz,Andreas Resch;Viktor Kobilke;Economic;/boardgame/172386/mombasa
Dominion: Intrigue;2009;Enlist torturers, swindlers, and saboteurs to gain wealth and dominate the kingdom.;7.7;13+;2;6;2.41;30;28.00;Matthias Catrein,Julien Delval,Martin Hoffmann,Tomasz Jedruszek,Alexander Jung,Lars-Arne "Maura" Kalusky,Ryan Laukat,Harald Lieske,Dennis Lohausen,Michael Menzel,Marcel-André Casasola Merkle,Claus Stephan,Joshua J. Stewart,Christof Tisch,Franz Vohwinkel;Dale Yu;Card Game,Medieval;/boardgame/40834/dominion-intrigue
Trickerion: Legends of Illusion;2015;Magicians perform dazzling tricks for money and fame in a Victorian steampunk world.;8.0;14+;2;4;4.25;60-180;40.00;Villő Farkas,László Fejes;N/A;Post-Napoleonic;/boardgame/163068/trickerion-legends-illusion
Tigris & Euphrates;1997;Keep your Mesopotamian civilisation in perfect balance through revolutions and wars.;7.7;12+;2;4;3.50;90;195.00;Bascu,Christine Conrad,Doris Matthäus,Tom Thiel,Ricarda Thiel,Stephen Graham Walsh;Michael Gernes,Jason Walden;Abstract Strategy,Ancient,Civilization,Territory Building;/boardgame/42/tigris-euphrates
Troyes;2010;Defend the city and rise to power by influencing the merchants, knights and clergy.;7.7;12+;1;4;3.46;90;35.00;Alexandre Roche;(Uncredited);Dice,Economic,Medieval;/boardgame/73439/troyes
Lorenzo il Magnifico;2016;Avoid excommunication and lead your family to power during the Italian Renaissance.;7.9;12+;2;4;3.29;60-120;79.95;Klemens Franz,Andreas Resch;N/A;Renaissance;/boardgame/203993/lorenzo-il-magnifico
Eldritch Horror;2013;An unknown Ancient One approaches the world—and you must solve mysteries to stop it.;7.8;14+;1;8;3.32;120-240;62.94;Anders Finér,David Griffith,Ed Mattinian,Patrick McEvoy,Dallas Mehlhoff,Emilio Rodriguez,Magali Villeneuve,Drew Whitmore;N/A;Adventure,Fighting,Horror,Novel-based,Travel;/boardgame/146021/eldritch-horror
Twilight Imperium: Third Edition;2005;Epic empire-building game of interstellar conflict, trade, and struggle for power.;7.8;14+;3;6;4.26;180-240;44.00;Scott Schomburg,Brian Schomburg,Tyler Walpole;N/A;Civilization,Negotiation,Political,Science Fiction,Space Exploration,Wargame;/boardgame/12493/twilight-imperium-third-edition
Russian Railroads;2013;Acquire locomotives & industry, build track, and hire the best engineers in Russia.;7.7;13+;2;4;3.40;120;95.00;Martin Hoffmann,Claus Stephan;N/A;Industry / Manufacturing,Trains;/boardgame/144733/russian-railroads
Concordia Venus;2018;Traders compete to build the greatest empire in the Roman Mediterranean.;8.3;12+;2;6;3.02;60-120;58.99;Marina Fahrenbach,Dominik Mayer;N/A;Ancient,Economic;/boardgame/256916/concordia-venus
Trajan;2011;Manage and rule all aspects of Ancient Rome with a clever action selection mancala.;7.8;12+;2;4;3.65;60-120;33.99;Jo Hartwig;N/A;Ancient,Political;/boardgame/102680/trajan
Aeon's End: War Eternal;2017;War Eternal is a standalone game compatible with the deck building game Aeon's End.;8.3;14+;1;4;2.92;60;42.99;Gong Studios;Travis R. Chance,Jenny Iglesias,Nick Little (I);Card Game,Fantasy,Science Fiction;/boardgame/218417/aeons-end-war-eternal
Dominion;2008;Acquire the most valuable lands by building your deck with treasure and power cards.;7.6;13+;2;4;2.35;30;46.00;Matthias Catrein,Julien Delval,Tomasz Jedruszek,Ryan Laukat,Harald Lieske,Michael Menzel,Marcel-André Casasola Merkle,Claus Stephan,Christof Tisch;Dale Yu;Card Game,Medieval;/boardgame/36218/dominion
The Isle of Cats;2019;Rescue as many cats as you can before Lord Vesh comes to destroy their home.;7.7;8+;1;4;2.35;60-90;63.02;Dragolisco,Frank West;N/A;Animals,Fantasy,Nautical,Puzzle;/boardgame/281259/isle-cats
Clank! In! Space!: A Deck-Building Adventure;2017;Tiptoe your way through Lord Eradikus' spaceship to nab artifacts and an escape pod.;7.8;12+;2;4;2.56;45-90;72.00;Rayph Beisner,Rastislav Le,Raul Ramos,Nate Storm,Franz Vohwinkel;N/A;Science Fiction;/boardgame/233371/clank-space-deck-building-adventure
Age of Steam;2002;Outperform your railroad rivals with shares, auctions, trackbuilding, and deliveries.;7.8;13+;1;6;3.88;120;99.99;Sean Brown,Peter Dennis,Paul Niemeyer,Ian O'Toole;N/A;Economic,Trains,Transportation;/boardgame/4098/age-steam
Vinhos: Deluxe Edition;2016;The strategic craft of fine winemaking.;8.1;14+;1;4;4.02;60-135;99.95;Ian O'Toole;N/A;Economic,Industry / Manufacturing;/boardgame/175640/vinhos-deluxe-edition
Pandemic: Iberia;2016;Travel from Barcelona to Lisboa to cure malaria, typhus, yellow fever, and cholera.;7.9;8+;2;5;2.57;45;43.99;Atha Kanaani,Chris Quilliams;N/A;Medical,Post-Napoleonic,Trains;/boardgame/198928/pandemic-iberia
Hansa Teutonica;2009;Build networks of merchants along the roads and market towns of the Hanseatic League.;7.7;12+;2;5;3.10;45-90;44.00;Dennis Lohausen;N/A;Medieval;/boardgame/43015/hansa-teutonica
Codenames;2015;Give your team clever one-word clues to help them spot their agents in the field.;7.6;14+;2;8;1.27;15;17.99;Stéphane Gantiez,Tomáš Kučerovský,Filip Murmak;N/A;Card Game,Deduction,Party Game,Spies/Secret Agents,Word Game;/boardgame/178900/codenames
The Quest for El Dorado;2017;Race through a dense South American jungle in pursuit of the legendary city of gold.;7.7;10+;2;4;1.93;30-60;42.99;Vincent Dutrait,Franz Vohwinkel;N/A;Adventure,Exploration,Racing;/boardgame/217372/quest-el-dorado
Yokohama;2016;Claim your fame as the dominant merchant in the Meiji period of Yokohama.;7.8;14+;2;4;3.31;90;115.00;Hisashi Hayashi,Adam P. McIver,Ryo Nyamo;N/A;Economic;/boardgame/196340/yokohama
Champions of Midgard;2015;Gain glory by defending a Viking harbor town against trolls, draugr and other beasts.;7.7;10+;2;4;2.60;60-90;57.52;Jose David Lanza Cebrian,Víctor Pérez Corbella;Joshua Lobkowicz;Adventure,Dice,Fantasy,Fighting,Medieval,Mythology;/boardgame/172287/champions-midgard
Forbidden Stars;2015;Assemble your armies, devise your strategy, and wage war across the Herakon Cluster.;8.0;14+;2;4;3.84;120-180;167.61;N/A;Jason Walden;Bluffing,Fighting,Miniatures,Science Fiction,Wargame;/boardgame/175155/forbidden-stars
Roll for the Galaxy;2014;Utilize your dice populace to develop technologies, settle worlds, and ship goods.;7.6;13+;2;5;2.78;45;51.57;Martin Hoffmann,Claus Stephan,Mirko Suzuki;N/A;Civilization,Dice,Economic,Science Fiction,Space Exploration;/boardgame/132531/roll-galaxy
PARKS;2019;Hike through National Parks tiles, collecting memories and admiring gorgeous scenery.;7.7;10+;1;5;2.14;30-60;49.90;Fifty-Nine Parks Print Series;N/A;Animals,Economic,Environmental,Travel;/boardgame/266524/parks
Dwellings of Eldervale;2020;Battle for control of a new fantasy realm in this worker placement game.;8.2;14+;1;5;3.26;60-150;425.00;Merilliza Chan,Sergio Chaves,Anton Fadeev,Leesha Hannigan,Irina Kuzmina,Nathanael Mortensen,Sasha Radivojevic,Sam Turner,Brian Valeza,Frank Wade;Peter Vaughan;Fantasy;/boardgame/271055/dwellings-eldervale
Pandemic;2008;Your team of experts must prevent the world from succumbing to a viral pandemic.;7.5;8+;2;4;2.40;45;124.95;Josh Cappel,Christian Hanisch,Régis Moulun,Chris Quilliams,Tom Thiel;N/A;Medical;/boardgame/30549/pandemic
Res Arcana;2019;Rival mages create artifacts, vying for places of power and ancient monuments.;7.7;12+;2;4;2.63;30-60;32.49;Julien Delval;N/A;Card Game,Fantasy;/boardgame/262712/res-arcana
Targi;2012;Outwit your rival by selecting where to place nomad workers on a dynamic desert grid.;7.6;12+;2;2;2.34;60;19.99;Taira Akitsu,Franz Vohwinkel;N/A;Arabian,Card Game;/boardgame/118048/targi
Kemet;2012;Play as warring Egyptian Gods and build the most powerful army to dominate Egypt.;7.7;13+;2;5;3.00;90-120;70.00;Dimitri Bielak,Émile Denis,Nicolas Fructus;N/A;Ancient,Miniatures,Mythology,Wargame;/boardgame/127023/kemet
Alchemists;2014;Showcase your alchemical know-how by publishing theories in this app-driven game.;7.7;13+;2;4;3.93;120;41.89;David Cochard;N/A;Deduction,Fantasy;/boardgame/161970/alchemists
Watergate;2019;Will Nixon triumph in his tug of war with the Press or will the truth be exposed?;7.8;12+;2;2;2.26;30-60;24.99;Klemens Franz,Viktor Kobilke;Viktor Kobilke;Card Game,Political;/boardgame/274364/watergate
Sherlock Holmes Consulting Detective: The Thames Murders & Other Cases;1982;The game is afoot as you and your irregular friends search Victorian London for clues;7.6;13+;1;8;2.68;60-120;55.80;Bernard Bittler,Arnaud Demaegd,Nils Gulliksson,Neriac,Pascal Quidault,Stefan Thulin;N/A;Deduction,Murder/Mystery,Novel-based,Post-Napoleonic,Spies/Secret Agents;/boardgame/2511/sherlock-holmes-consulting-detective-thames-murder
Praga Caput Regni;2020;Wealthy citizens of medieval Prague organize building projects to gain king's favor.;7.9;12+;1;4;3.75;45-150;42.00;Milan Vavroň;N/A;City Building,Medieval,Puzzle;/boardgame/308765/praga-caput-regni
Rajas of the Ganges;2017;Manage your dice to build profitable markets and grand monuments in historic India.;7.7;12+;2;4;2.89;45-75;44.99;Dennis Lohausen;N/A;Dice,Economic,Renaissance,Territory Building;/boardgame/220877/rajas-ganges
Endeavor: Age of Sail;2018;Spread your glory over the vast, as of yet unexplored world in this updated classic.;7.9;13+;2;5;2.84;60-90;85.70;Josh Cappel,Noah Adelman;N/A;Exploration,Nautical,Renaissance;/boardgame/233398/endeavor-age-sail
Just One;2018;Give one-word clues so someone can guess one word, but duplicate clues are discarded.;7.6;8+;3;7;1.04;20-60;29.19;Éric Azagury,Florian Poullet;N/A;Party Game,Word Game;/boardgame/254640/just-one
It's a Wonderful World;2019;Draft yourself the ‘perfect’ dystopia, complete projects and churn out resources.;7.7;14+;1;5;2.31;30-60;50.60;Anthony Wolff;N/A;Card Game,Civilization,Economic,Science Fiction;/boardgame/271324/its-wonderful-world
Hadrian's Wall;2021;Compete as one of six Roman Generals in charge of a milecastle along Hadrian's Wall.;8.0;12+;1;6;3.11;30-60;45.00;Sam Phillips;Shem Phillips;Ancient,City Building;/boardgame/304783/hadrians-wall
Stone Age;2008;Travel to the time of hunters and gatherers in this classic game of tools and tribes.;7.5;10+;2;4;2.46;60-90;49.95;Michael Menzel;N/A;Dice,Economic,Prehistoric;/boardgame/34635/stone-age
Legendary Encounters: An Alien Deck Building Game;2014;In space, no one can hear you build a deck of marine & weapon cards to fight aliens.;7.8;17+;1;5;2.70;30-60;135.00;N/A;Jason Brenner,Crystal Goggio,Bubby Johanson,Mark Shaunessy;Card Game,Fighting,Horror,Movies / TV / Radio theme,Science Fiction;/boardgame/146652/legendary-encounters-alien-deck-building-game
Ticket to Ride: Europe;2005;Build train routes across Europe in this sequel to the hit family board game.;7.5;8+;2;5;1.92;30-60;35.46;Cyrille Daujean,Julien Delval;N/A;Trains;/boardgame/14996/ticket-ride-europe
Ra;1999;Bid to acquire the most valuable sets of Egyptian artifacts and resources.;7.6;12+;2;5;2.34;45-60;169.95;Allison Kline,Gahyun Lee,Ian O'Toole,Tiago Sousa,Franz Vohwinkel;Stefan Brück,Molly Glover,Jason Walden;Ancient,Mythology;/boardgame/12/ra
The Lord of the Rings: The Card Game;2011;Guide your fellowship as it embarks on unique adventures in Tolkien's Middle-earth!;7.7;13+;1;2;3.21;30-60;49.32;Even Mehl Amundsen,Erfian Asafat,Tiziano Baracchi,Ryan Barger,Sara Biddle,Yoann Boissonnet,Leonardo Borazio,Noah Bradley,Marco Caradonna,Kevin Childress,Anna Christenson,West Clendinning,Nicholas Cloister,Soul Core,Daarken,Katherine Dinger,Loren Fetterman,Tony Foti,Tom Garden,Kristina Gehrmann,Lucas Graciano,Margaret Hardy,Jeff Himmelman,David Horne,Christopher Hosch,Ijur,Dominik Kasprzycki,Kaya,Igor Kieryluk,Mathias Kollros,Lius Lasahido,David Lecossu,Henning Ludvigsen,Daryl Mandryk,David Auden Nash,Mike Nash,Winona Nelson,Andrew Olson,Gabrielle Portal,Rio Sabda,Alexandru Sabo,Amanda Sartor,Marc Scheff,Alexandr Shaldin,WiL Springer,John Stanko,Matthew Starbuck,Florian Stitz,Nikolay Stoyanov,Angela Sung,Sandara Tang,Fredrik Tyskerud,Santiago Villa,Magali Villeneuve,Frank Walls,Jason Ward,Drew Whitmore,John Wigley,Mark Winters,Jen Zee,Ben Zweifel;N/A;Adventure,Card Game,Collectible Components,Fantasy,Novel-based;/boardgame/77423/lord-rings-card-game
Marco Polo II: In the Service of the Khan;2019;Travel to cities along the silk road, trading silk, spice, gold & jade along the way.;8.0;12+;2;4;3.38;60-120;63.99;Dennis Lohausen;N/A;Dice,Economic,Medieval,Travel;/boardgame/283948/marco-polo-ii-service-khan
Star Wars: X-Wing Miniatures Game;2012;Pilot your ships in tight arcs to take out the enemy! The universe can be yours.;7.6;14+;2;2;2.49;30-45;60.24;Matt Allsopp,Sacha Angel Diener,Jon Bosco,Matt Bradbury,Blake Henriksen,Jason Juta,Lucasfilm Ltd.,Henning Ludvigsen,Jorge Maese,Dallas Mehlhoff,Scott Murphy,David Auden Nash,Vlad Ricean,Matthew Starbuck,Nicholas Stohlman,Angela Sung;N/A;Aviation / Flight,Bluffing,Collectible Components,Miniatures,Movies / TV / Radio theme,Science Fiction,Wargame;/boardgame/103885/star-wars-x-wing-miniatures-game
Viscounts of the West Kingdom;2020;Travel the Kingdom seeking upgrades in an attempt to bring poverty or prosperity.;7.9;12+;1;4;3.46;60-90;49.95;Mihajlo Dimitrievski;N/A;Medieval;/boardgame/296151/viscounts-west-kingdom
Istanbul;2014;Send your assistants through the shops of Istanbul as you race to acquire rubies.;7.5;10+;2;5;2.58;40-60;39.99;Andreas Resch,Hans-Georg Schneider;N/A;Economic;/boardgame/148949/istanbul
Welcome To...;2018;Design the most appealing 1950s neighborhood, with fences, parks, and swimming pools.;7.5;10+;1;100;1.83;25;29.22;Anne Heidsieck;N/A;City Building;/boardgame/233867/welcome
Xia: Legends of a Drift System;2014;Pilot your ship to stardom in a massive sci-fi sandbox.;7.9;12+;3;5;3.19;60-180;245.00;Cody Miller,Steve "Coolhand" Tyler,Peter Wocken;N/A;Adventure,Exploration,Fighting,Science Fiction,Space Exploration,Transportation;/boardgame/82222/xia-legends-drift-system
Glen More II: Chronicles;2019;Expand your Scottish clan by trading livestock, making whisky and gaining landmarks.;7.9;12+;2;4;3.03;90-120;60.67;Jason Coates,Hendrik Noack;N/A;City Building,Economic,Farming,Territory Building;/boardgame/265188/glen-more-ii-chronicles
That's Pretty Clever!;2018;Draft dice to mark numbers on your scoresheet, comboing bonuses to power your points.;7.6;8+;1;4;1.88;30;14.99;Leon Schiffer;N/A;Dice,Number;/boardgame/244522/s-pretty-clever
Tyrants of the Underdark;2016;Lead a Drow house and build the best deck to establish supremacy over the Underdark.;7.9;14+;2;4;2.54;60;25.00;Rob Alexander,Alex Aparin,Daren Bader,John-Paul Balmet,Eric Belisle,Sam Burley,Milivoj Ceran,Conceptopolis,Katie Dillon,Julie Dillon,Olga Drebas,Jesper Ejsing,Steve Ellis (I),Wayne England,Jason Engle,Emily Fiegenschuh,Lars Grant-West,Brian Hagan,Todd Harris,Ilich Henriquez,Rick Hershey,Ralph Horsley,Tyler Jacobson,Tomasz Jedruszek,Jason Juta,McLean Kendree,Vance Kovacs,Guido Kuip,Howard Lyon,Damien Mammoliti,Sławomir Maniak,Jacob Masbruch,Marcel Mercado,Marco Nelor,Jim Nelson,William O'Connor,Héctor Ortiz,Ryan Pancoast,Adam Paquette,Klaus Pillon (I),Claudio Pozas,Aaron J. Riley,Marc Sasso,Craig J. Spearing,Raymond Swanland,Arnie Swekel,Bryan Syme,Matias Tapia,Stephen Tappin,Carlos Nunez de Castro Torres,Francis Tsai,Tyler Walpole,Richard Whitters,Eva Widermann,Ben Wootten,Kieran Yanner,James Zhang;Mons Johnson,Peter Lee,Yoni Skolnik;Fantasy,Fighting;/boardgame/189932/tyrants-underdark
SCOUT;2019;Poach your opponents' artists and outdo each other's circus shows.;7.8;9+;2;5;1.38;15;19.60;Rie Komatsuzaki,Jun Sasaki;N/A;Card Game;/boardgame/291453/scout
Chaos in the Old World;2009;Rival chaos gods send forth their minions to spread corruption and destruction.;7.7;13+;3;4;3.20;60-120;245.00;Tim Arney-O'Neil,Kevin Childress,Andrew Navaro,Brian Schomburg,WiL Springer;N/A;Fantasy,Fighting,Horror,Mythology,Wargame;/boardgame/43111/chaos-old-world
Jaipur;2009;Trade and sell goods to become the most wealthy merchant in this short game for two.;7.5;12+;2;2;1.47;30;15.99;Vincent Dutrait,Alexandre Roche;N/A;Animals,Card Game,Economic;/boardgame/54043/jaipur
War Chest;2018;Recruit, bolster and maneuver your way to controlling the hex-grid battlefield.;7.9;14+;2;4;2.30;30;59.99;Brigette Indelicato;Mark Wootton;Abstract Strategy,Medieval,Wargame;/boardgame/249259/war-chest
War of the Ring;2004;Rings, Fellowship, diplomacy and war in the Third Age of Middle Earth.;7.8;12+;2;4;3.84;120;69.95;John Howe,Matteo Macchi,Fabio Maiorana,Mizio Mencarini,Bob Naismith;N/A;Adventure,Fantasy,Fighting,Novel-based,Territory Building,Wargame;/boardgame/9609/war-ring
This War of Mine: The Board Game;2017;Civilians trapped in a war-torn city must make difficult decisions to survive.;7.8;18+;1;6;3.30;45-120;175.00;Piotr Gacek,Maszrum,Paweł Niziołek,Michał Oracz;N/A;Adventure,Exploration,Mature / Adult,Modern Warfare,Video Game Theme;/boardgame/188920/war-mine-board-game
Azul: Summer Pavilion;2019;You're an artisan working on creating striking patterns within a king's palace.;7.7;8+;2;4;2.06;30-45;50.82;Chris Quilliams;N/A;Abstract Strategy,Puzzle;/boardgame/287954/azul-summer-pavilion
Dominion (Second Edition);2016;Acquire cards to grow your kingdom's influence in this classic deck-building game.;7.8;14+;2;4;2.17;30;47.51;Matthias Catrein,Julien Delval,Radosław Jaszczuk,Tomasz Jedruszek;Dale Yu;Card Game,Medieval;/boardgame/209418/dominion-second-edition
Memoir '44;2004;Revisit the battles of D-Day and control the forces of the Allies and the Axis!;7.5;8+;2;8;2.28;30-60;67.08;Cyrille Daujean,Julien Delval,Don Perrin,Claude Rica;N/A;Miniatures,Wargame,World War II;/boardgame/10630/memoir-44
Horrified;2019;Classic movie monsters terrorize a town! Can your team stop them in time?;7.7;10+;1;5;2.05;60;41.73;Prospero Hall;N/A;Horror,Miniatures,Movies / TV / Radio theme;/boardgame/282524/horrified
Cosmic Encounter;2008;Conquer the galaxy with shifting alliances and the unique powers of your alien race.;7.5;12+;3;5;2.58;60-120;60.00;Andrew Navaro,Ryan Barger,Felicia Cano,Sabe Lewellyn,Brian Schomburg,WiL Springer;N/A;Bluffing,Negotiation,Science Fiction,Space Exploration;/boardgame/39463/cosmic-encounter
Railways of the World;2005;Build rails, race to deliver scarce goods, and fulfill your Rail Baron's secret goal.;7.7;10+;2;6;3.02;120;112.45;Kurt Miller,Paul Niemeyer,David Oram;N/A;Trains,Transportation,Video Game Theme;/boardgame/17133/railways-world
Castles of Mad King Ludwig;2014;Choose and play tiles to satisfy the king's whims and build the best fantasy castle.;7.5;13+;1;4;2.65;90;50.00;Keith Curtis,Agnieszka Dabrowiecka,Ollin Timm;Dale Yu;Post-Napoleonic,Puzzle;/boardgame/155426/castles-mad-king-ludwig
The Resistance: Avalon;2012;Who can you trust? A game of social deduction set in King Arthur’s legendary realm.;7.5;13+;5;10;1.74;30;25.57;Luis Francisco,George Patsouras,Nan Sumana,Rafał Szyma;N/A;Bluffing,Card Game,Deduction,Fantasy,Medieval,Negotiation,Party Game,Spies/Secret Agents;/boardgame/128882/resistance-avalon
Sagrada;2017;Craft the best stained-glass windows by carefully placing colorful transparent dice.;7.5;14+;1;4;1.92;30-45;39.99;Peter Wocken;N/A;Dice,Puzzle;/boardgame/199561/sagrada
Ora et Labora;2011;Manage workers and resources to build up the land around your medieval monastery.;7.7;13+;1;4;3.89;60-180;68.19;Klemens Franz;N/A;City Building,Economic,Industry / Manufacturing,Medieval,Religious,Territory Building;/boardgame/70149/ora-et-labora
Sekigahara: The Unification of Japan;2011;Defend or depose the Toyotomi heir by commanding the loyalty of the feudal lords.;8.0;14+;2;2;2.79;180;122.00;Rodger B. MacGowan,Mark Mahaffey;N/A;Civil War,Pike and Shot,Wargame;/boardgame/25021/sekigahara-unification-japan
Too Many Bones: Undertow;2018;Songstress Stanza & stealthy Duster board a raft & chuck gobs of dice on the Sibron.;8.7;12+;1;2;4.01;60-180;84.99;Josh J. Carlson,Melonie Lavely,Anthony LeTourneau;N/A;Adventure,Dice,Fantasy,Fighting;/boardgame/235802/too-many-bones-undertow
A Game of Thrones: The Board Game (Second Edition);2011;Make alliances—and break them!—as you strive to both unite and conquer Westeros.;7.5;14+;3;6;3.72;120-240;60.84;Tomasz Jedruszek,Henning Ludvigsen;Jason Walden;Bluffing,Fantasy,Negotiation,Novel-based,Political,Wargame;/boardgame/103343/game-thrones-board-game-second-edition
Ticket to Ride: Nordic Countries;2007;Build railways to connect destinations across Scandinavia, Finland, and Estonia.;7.6;8+;2;3;1.98;30-60;36.99;Cyrille Daujean,Julien Delval;N/A;Trains;/boardgame/31627/ticket-ride-nordic-countries
Dune;2019;Wildly different factions vie for control of Arrakis through alliance and treachery.;8.0;14+;2;6;3.99;120-180;49.87;Ilya Baranovsky;N/A;Bluffing,Fighting,Negotiation,Novel-based,Political,Science Fiction,Wargame;/boardgame/283355/dune
Dead of Winter: A Crossroads Game;2014;As you struggle to keep survivors alive, how will you value group vs. personal needs?;7.5;13+;2;5;3.01;60-120;58.00;David Richards,Fernanda Suárez,Peter Wocken;N/A;Bluffing,Deduction,Horror,Zombies;/boardgame/150376/dead-winter-crossroads-game
Suburbia;2012;Expand your meager neighborhood into a sprawling suburb to attract the most citizens.;7.5;8+;1;4;2.77;60-90;195.00;Ted Alspach,Jason Boles,Klemens Franz,Stephanie Gustafsson,Alanna Kelsey,Brett Stebbins,T. B. (II),Ollin Timm;Dale Yu;City Building,Economic;/boardgame/123260/suburbia
Commands & Colors: Ancients;2006;Accessible tactical wargame from the dawn of history to the opening of the Dark Age.;7.8;12+;2;2;2.69;60;54.95;Rodger B. MacGowan;N/A;Ancient,Wargame;/boardgame/14105/commands-colors-ancients
Space Base;2018;Amass spaceships for your fleet as you roll your way to domination.;7.6;14+;2;5;2.12;60;47.99;;;;/boardgame/242302/space-base
Star Wars: Outer Rim;2019;Star Wars characters race across the galaxy trying to achieve the most fame!;7.7;14+;1;4;2.52;120-180;84.97;Borja Pindado Arribas,Balaskas,Tiziano Baracchi,Bernard Bittler,Colin Boyer,Matt Bradbury,Mark Bulahao,Adam Burn,J. B. Casacop,Alexandre Dainche,Anthony Devine,Aurore Folny,Mariusz Gandzel,Caitlin Ginther,Zach Graves,Marko Horvatin,Audrey Hotte,Rafał Hrynkiewicz,Joel Hustak,Łukasz Jaskólski,Jeff Lee Johnson,Jason Juta,David Kegg,Yigit Koroglu,Sam Lamont,Adam Lane,Ignacio Bazán Lazcano,Antonio José Manzanedo,Mark Molnar,Toujer Moua,Reiko Murakami,Jake Murray,Ameen Naksewee,David Auden Nash,Mike Nash,Maciej Rebisz,Emilio Rodriguez,Alexandru Sabo,Michael Silsby,Stephen Somers,Jonas Springborg,Nicholas Stohlman,Darren Tan,Francisco Rico Torres,Andreia Ugrai,Ryan Valle,Magali Villeneuve,Jimmy Zhang,Ben Zweifel;N/A;Adventure,Exploration,Movies / TV / Radio theme,Science Fiction,Space Exploration;/boardgame/271896/star-wars-outer-rim
Captain Sonar;2016;Torpedoes away! Hunt for your opponent's sub in this exciting, real-time team game.;7.5;14+;2;8;2.18;45-60;39.99;Ervin,Piotr Forkasiewicz,Sabrina Tobal;N/A;Deduction,Fighting,Nautical,Real-time;/boardgame/171131/captain-sonar
Village;2011;Send your villagers to work, travel, pray, and... die when it brings the most renown.;7.5;12+;2;4;3.07;60-90;62.91;Dennis Lohausen;Viktor Kobilke;Economic,Farming,Medieval;/boardgame/104006/village
Earth;2023;Strategically grow your ecosystem card engine with unique flora, fauna, and terrains.;7.8;13+;1;5;2.87;45-90;59.99;M81 Studio,Conor McGoey,Yulia Sozonik,Kenneth Spond;Conor McGoey;Animals,Card Game,Environmental;/boardgame/350184/earth
Meadow;2021;Start your journey into nature and collect cards to become a true nature observer.;7.8;10+;1;4;2.23;60-90;46.99;Karolina Kijak,Katarzyna Fiebiger;Przemek Wojtkowiak;Animals,Card Game,Environmental;/boardgame/314491/meadow
Final Girl;2021;You alone must survive and defeat the horror movie killer.;8.4;14+;1;1;2.57;20-60;29.90;Tyler Johnson,Roland MacDonald;N/A;Card Game,Horror;/boardgame/277659/final-girl
Splendor;2014;Renaissance merchants race to grab gems, acquire property, and please nobility.;7.4;10+;2;4;1.78;30;29.99;;;;/boardgame/148228/splendor
Tichu;1991;Be the first team to empty your hands in this popular partnership climbing card game.;7.6;10+;4;4;2.34;60;8.10;Kerri Aitken,Christine Alcouffe,Res Brandenberger,François Bruel,Philippe Guérin,Urs Hostettler,Chris Quilliams,Valerie Vekemans,Franz Vohwinkel;N/A;Card Game;/boardgame/215/tichu
Star Realms: Colony Wars;2015;Expand your fleet, defend your bases, and prevail in the battle for the colonies.;7.8;12+;2;2;1.90;20;19.71;Vito Gesualdi;N/A;Card Game,Fighting,Science Fiction;/boardgame/182631/star-realms-colony-wars
Dinosaur Island;2017;Clone dinosaurs and build attractions to gain the most excitement.;7.6;8+;1;4;3.04;90-120;68.99;Kwanchai Moriya,Anthony Wocken;Jonathan Gilmour,Nathan McNair,Molly Wardlaw;Animals,Economic,Science Fiction;/boardgame/221194/dinosaur-island
Coimbra;2018;Spread your influence across monasteries of Portugal and beyond!;7.6;14+;2;4;3.25;60-90;70.99;Chris Quilliams;N/A;Dice,Renaissance;/boardgame/245638/coimbra
Near and Far;2017;Explore the lands to discover the Last Ruins and become the most storied traveller.;7.7;13+;2;4;2.89;90-120;121.25;Ryan Laukat;Brenna Asplund,Ryan Laukat,Malorie Laukat;Adventure,Exploration;/boardgame/195421/near-and-far
Combat Commander: Europe;2006;Recreate the European theater of World War II in this acclaimed card-driven wargame.;8.0;12+;2;2;3.25;60-180;125.00;Lee Brimmicombe-Wood,Chad Jensen,Rodger B. MacGowan,Leland Myrick,Mark Simonitch;Chad Jensen,Kai Jensen;Wargame,World War II;/boardgame/21050/combat-commander-europe
Modern Art;1992;Four types of auctions challenge players in this classic game of art speculation.;7.5;10+;3;5;2.29;45;60.00;Carole Carrion,Manuel Carvalho,Chen Cheng-po,Mike Doyle (I),Pete Fenlon,Gianfranco Giordano,Paul Laane,Ramon Martins,Daniel Melim,Rafael Silveira,Sigrid Thaler,Zeilbeck & Natzeck Design Company;N/A;Card Game,Economic;/boardgame/118/modern-art
Nations;2013;Steer the fate of your nation, from the ancient world until the outbreak of WW1.;7.6;14+;1;5;3.55;40-200;50.00;Ossi Hiekkala,Jere Kasanen,Paul Laane,Frida Lögdberg;N/A;Card Game,Civilization,Economic;/boardgame/126042/nations
Under Falling Skies;2020;You alone command the forces of a city holding off invading aliens.;7.7;12+;1;1;2.39;20-40;29.95;Petr Boháček,Kwanchai Moriya;N/A;Dice,Science Fiction;/boardgame/306735/under-falling-skies
Calico;2020;Sew a quilt, collect buttons, attract cats!;7.6;10+;1;4;2.18;30-45;45.99;Beth Sobel;David Iezzi,Molly Johnson,Robert Melvin,Kevin Russ,Shawn Stankewich;Animals,Puzzle;/boardgame/283155/calico
Ankh: Gods of Egypt;2021;Take the role of Egyptian gods fighting to survive and be remembered.;7.8;14+;2;5;3.09;90;96.94;Nicolas Fructus,Thierry Masson,Adrian Smith;Leo Almeida,Marco Portugal;Ancient,Fighting,Miniatures,Mythology;/boardgame/285967/ankh-gods-egypt
Nidavellir;2020;Assemble and prepare a formidable crew of dwarfs to fight the mighty Fafnir!;7.6;10+;2;5;2.10;45;39.99;Jean-Marie Minguez;N/A;Card Game,Fantasy,Mythology;/boardgame/293014/nidavellir
Paths of Glory;1999;Step into the shoes of rulers and generals who triumphed or failed in the Great War.;8.1;14+;2;2;3.85;480;84.90;Charles Kibler,Terry Leeds,Rodger B. MacGowan,Mark Simonitch;N/A;Wargame,World War I;/boardgame/91/paths-glory
Welcome to the Moon;2021;Escape from Earth and plan the humankind journey to the moon to save humanity.;8.0;10+;1;6;2.51;25-30;37.95;Anne Heidsieck;N/A;City Building,Science Fiction;/boardgame/339789/welcome-moon
My City;2020;Develop your city through the ages in this family-friendly legacy experience.;7.7;10+;2;4;1.99;30;36.99;Michael Menzel;N/A;City Building;/boardgame/295486/my-city
Ticket to Ride;2004;Build your railroad across North America to connect cities and complete tickets.;7.4;8+;2;5;1.83;30-60;39.99;Cyrille Daujean,Julien Delval;N/A;Trains;/boardgame/9209/ticket-ride
Cyclades;2009;Win the favor of the Gods in this competitive auction, area control game.;7.5;13+;2;5;2.82;60-90;64.99;Miguel Coimbra;N/A;Ancient,City Building,Civilization,Fighting,Miniatures,Mythology,Nautical;/boardgame/54998/cyclades
La Granja;2014;Develop your farm and compete to deliver goods to the market at the right time.;7.6;12+;1;4;3.57;90-120;50.57;Harald Lieske;N/A;Economic,Farming;/boardgame/146886/la-granja
Wingspan Asia;2022;Travel to Asia to discover new birds for your wildlife preserve.;8.4;10+;1;2;2.62;40-70;44.90;Ana Maria Martinez Jaramillo,Natalia Rojas;N/A;Animals,Economic,Educational;/boardgame/366161/wingspan-asia
Codenames: Duet;2017;Swap one-word coded clues with your partner, trying to identify specific word cards.;7.5;11+;2;2;1.36;15-30;19.90;Tomáš Kučerovský;N/A;Card Game,Deduction,Spies/Secret Agents,Word Game;/boardgame/224037/codenames-duet
Secret Hitler;2016;In pre-WW2 Germany, Liberals and Fascists square off in an intrigue-filled parliament;7.5;13+;5;10;1.74;45;120.00;Mackenzie Schubert;N/A;Bluffing,Card Game,Deduction,Humor,Party Game,Political,Print & Play,Spies/Secret Agents;/boardgame/188834/secret-hitler
Aeon's End: Legacy;2019;Defend your increasingly desperate home from The Nameless in an evolving campaign.;8.1;14+;1;4;2.86;45-90;94.41;Daniel Solis;N/A;Card Game,Fantasy,Science Fiction;/boardgame/241451/aeons-end-legacy
Legendary: A Marvel Deck Building Game;2012;Assemble Marvel's finest Heroes to combat Masterminds and thwart their Schemes!;7.5;14+;1;5;2.43;30-60;99.95;Julius Abrea,Will Conrad,Bien Flores,Katrina Mae Hao,Ray Anthony Height,Tony Kordos,The Marvel Bullpen,Jay David Ramos,Nigel Raynor,Kevin Sharpe,Brian “Tots” Valerz;N/A;Card Game,Comic Book / Strip;/boardgame/129437/legendary-marvel-deck-building-game
MicroMacro: Crime City;2020;Find the small traces to solve the big cases.;7.5;12+;1;4;1.11;15-45;24.99;Daniel Goll,Tobias Jochinke,Johannes Sich;N/A;Deduction,Murder/Mystery;/boardgame/318977/micromacro-crime-city
The Taverns of Tiefenthal;2019;"Build your way to the best Tavern in town with this deckbuilding dice drafting game";7.6;12+;2;4;2.67;60;43.99;Dennis Lohausen;N/A;Card Game,Dice,Medieval;/boardgame/269207/taverns-tiefenthal
Deception: Murder in Hong Kong;2014;Interpret forensic evidence to solve a murder. Beware, the murderer may be among you!;7.5;14+;4;12;1.58;20;36.99;Marcin Adamski,Ben Carre,Tommy Ng,Ari Wong;Joshua Lobkowicz;Bluffing,Deduction,Murder/Mystery,Party Game;/boardgame/156129/deception-murder-hong-kong
Century: Golem Edition;2017;Snatch up costly crystals and synthesize them to create wondrous golems.;7.6;8+;2;5;1.68;30-45;44.71;Justin Chan,Chris Quilliams;N/A;Card Game,Economic,Fantasy;/boardgame/232832/century-golem-edition
Hanamikoji;2013;Win the favor of the geishas through careful speculation and bold moves.;7.5;10+;2;2;1.69;15;14.99;Maisherly,Mashiro Misaki;N/A;Card Game,Medieval,Video Game Theme;/boardgame/158600/hanamikoji
Planet Unknown;2022;Develop and colonize your planet with oddly shaped tiles served on a rotating tray.;8.0;10+;1;6;2.21;60-80;89.99;Yoma;N/A;City Building,Industry / Manufacturing,Puzzle,Science Fiction,Space Exploration,Territory Building;/boardgame/258779/planet-unknown
Detective: A Modern Crime Board Game;2018;Collaborate in an FBI unit to solve cases using high-tech & traditional techniques.;7.7;16+;1;5;2.75;120-180;45.00;Aga Jakimiec,Ewa Kostorz,Rafał Szyma;N/A;Deduction,Murder/Mystery;/boardgame/223321/detective-modern-crime-board-game
Kanban: Driver's Edition;2014;Car-factory workers optimise and innovate to stand out at the big board meeting.;7.8;12+;2;4;4.37;90-120;40.00;Naomi Robinson,William Bricker,Vital Lacerda;Paul Incao;Economic,Industry / Manufacturing;/boardgame/109276/kanban-drivers-edition
Flamme Rouge;2016;Riders negotiate the peloton and avoid exhaustion in this card-pedaled Tour de Force.;7.5;8+;2;4;1.68;30-45;38.13;Ossi Hiekkala,Jere Kasanen;N/A;Racing,Sports;/boardgame/199478/flamme-rouge
The Princes of Florence;2000;Attract artisans and scholars to your palazzo by building and landscaping.;7.5;12+;2;5;3.24;75-100;68.95;Arnaud Demaegd,Eckhard Freytag,Wolfgang Kramer,Mirco Paganessi,Lukas Siegmon,Richard Ulrich,Franz Vohwinkel;N/A;City Building,Renaissance;/boardgame/555/princes-florence
Sushi Go Party!;2016;Pass sushi around a bigger table and take the best dishes. Save room for dessert!;7.4;8+;2;8;1.31;20;35.94;Nan Rangsima;N/A;Card Game,Party Game;/boardgame/192291/sushi-go-party
Goa: A New Expedition;2004;Run a spice trade business in colonial-era India in this closed-loop economy game.;7.6;12+;2;4;3.37;90;56.04;Oliver Freudenreich;N/A;Economic,Farming,Nautical,Renaissance;/boardgame/9216/goa-new-expedition
Chronicles of Crime;2018;Lay out the case, interrogate suspects, and investigate crime scenes with your phone.;7.6;12+;1;4;2.06;60-90;38.52;David Cicurel,Matijos Gebreselassie,Mateusz Komada,Katarzyna Kosobucka;N/A;Adventure,Deduction,Murder/Mystery;/boardgame/239188/chronicles-crime
Fantasy Realms;2017;Build the greatest fantasy kingdom by constructing the best hand.;7.5;14+;2;6;1.80;20;27.55;Anthony Cournoyer,Octographics;N/A;Card Game,Fantasy;/boardgame/223040/fantasy-realms
Isle of Skye: From Chieftain to King;2015;Build your kingdom as Chieftain one tile at a time and rule all of Scotland!;7.4;8+;2;5;2.25;30-50;36.90;Klemens Franz;N/A;Economic,Territory Building;/boardgame/176494/isle-skye-chieftain-king
Glory to Rome;2005;Build card combos and race to rebuild Rome to become the most influential Patrician.;7.5;12+;2;5;2.93;60;599.99;Ed Carter (III),Valerio Cioni,Klemens Franz,Felix Girke,Heiko Günther,Igor Wolski;N/A;Ancient,Card Game,City Building,Economic;/boardgame/19857/glory-rome
KLASK;2014;Use magnets to push a ball into the goal, but beware of falling in yourself!;7.6;8+;2;2;1.06;10;55.00;Mikkel Bertelsen;N/A;Action / Dexterity,Real-time;/boardgame/165722/klask